iteration,MSE_trg,MSE_val,MSE_tst,acc_trg,acc_val,acc_tst,f1_trg,f1_val,f1_tst,elapsed
0,0.17965529042,0.178034286018,0.180341600089,0.0799720621617,0.0939245810056,0.0748603351955,0.0238977399037,0.0269966254218,0.0275983558426,0.379707694
10,0.0923315855518,0.0919457944355,0.0923107047916,0.868081019731,0.864874301676,0.869553072626,0.405352223534,0.372771474878,0.405095541401,4.04865284
20,0.0463517942876,0.0463421107051,0.0466955366742,0.908416273791,0.908519553073,0.908379888268,0,0,0,7.753331105
30,0.0381387218504,0.0384326011848,0.0384425018374,0.908416273791,0.908519553073,0.908379888268,0,0,0,11.469575582
40,0.0371632756695,0.0378245182674,0.0377719179676,0.924480530819,0.922835195531,0.925139664804,0.298459042985,0.275409836066,0.309278350515,15.21430992
50,0.0362525727493,0.0364159471684,0.0362213844078,0.908416273791,0.908519553073,0.908379888268,0,0,0,18.932728994
60,0.0282606143233,0.0292413743496,0.0284921071471,0.938624061463,0.932262569832,0.937150837989,0.496778811739,0.422619047619,0.477958236659,22.693741729
70,0.0271622891407,0.0280095347564,0.0275296834139,0.908416273791,0.908868715084,0.908379888268,0,0.00760456273764,0,26.498181795
80,0.0298688965441,0.0304615951742,0.0301496682918,0.908416273791,0.908519553073,0.908379888268,0,0,0,30.476163561
90,0.0245251237688,0.0257649310603,0.0247249832699,0.947180024446,0.941689944134,0.947206703911,0.595858383434,0.537396121884,0.595289079229,34.277458814
100,0.0253101703635,0.0260511867937,0.0256714112539,0.91784529422,0.91969273743,0.917597765363,0.18668971478,0.222972972973,0.182825484765,38.07224704
110,0.0213450225207,0.0225215230925,0.0215461861754,0.938449449974,0.933659217877,0.940502793296,0.496068620443,0.437869822485,0.519187358916,41.894999345
120,0.0220704083367,0.0228094156806,0.0224838363111,0.92875851231,0.926675977654,0.927374301676,0.363494539782,0.335443037975,0.343434343434,45.728071187
130,0.017917395249,0.0191353494803,0.0180660517256,0.976165531692,0.972067039106,0.975139664804,0.857589984351,0.831223628692,0.849407783418,49.515373503
140,0.0143470340704,0.0155996014427,0.0149550582724,0.973197136372,0.969622905028,0.971787709497,0.832148715145,0.806236080178,0.821238938053,53.265677568
150,0.0128028927095,0.0140082436636,0.0132485854092,0.974855945521,0.971368715084,0.97374301676,0.845989304813,0.822510822511,0.836805555556,57.00577226
160,0.0130964008213,0.0142454188031,0.0134333054389,0.974594028287,0.971368715084,0.973184357542,0.845623342175,0.824786324786,0.834482758621,60.780881186
170,0.0125882786962,0.0137022980655,0.0130862558485,0.974855945521,0.971368715084,0.97374301676,0.845327604726,0.823275862069,0.836805555556,64.474117719
180,0.0121097698601,0.0132529401453,0.0125556296531,0.972760607648,0.968924581006,0.972905027933,0.829880043621,0.805251641138,0.829525483304,68.209043201
190,0.0133167746411,0.0146247218223,0.013702271068,0.969704906583,0.964036312849,0.970111731844,0.806036892119,0.764302059497,0.80650994575,71.91273142
200,0.0113045010208,0.0125266476535,0.0117963853767,0.977649729352,0.974860335196,0.976536312849,0.868852459016,0.852459016393,0.858585858586,75.599065584
210,0.0103894960049,0.0117889040965,0.0110874583929,0.97537977999,0.969273743017,0.973184357542,0.849197860963,0.808695652174,0.83275261324,79.268895498
220,0.0106502915869,0.0119683609358,0.0113749066268,0.975729002968,0.972067039106,0.974860335196,0.852284803401,0.827586206897,0.845360824742,83.060358918
230,0.0113527805397,0.0125156732408,0.0117534846151,0.978086258076,0.974860335196,0.976815642458,0.872394509405,0.853658536585,0.86143572621,86.859389275
240,0.0102658998531,0.0115290041136,0.0108713221369,0.977300506373,0.973812849162,0.975977653631,0.865145228216,0.842767295597,0.854237288136,90.802022568
250,0.0110263646749,0.0124483536035,0.0114590223601,0.977737035097,0.975209497207,0.97625698324,0.86808070357,0.853002070393,0.856175972927,95.399735121
260,0.0100362730096,0.0113686374814,0.0105894052647,0.976078225947,0.972067039106,0.974860335196,0.854718981972,0.828326180258,0.844827586207,99.343857954
270,0.00978233894809,0.0110982749787,0.0104531270074,0.976165531692,0.971019553073,0.974860335196,0.855325914149,0.821505376344,0.844290657439,103.110132651
280,0.0111672986752,0.0124957264827,0.011837752088,0.974594028287,0.969972067039,0.972346368715,0.843126684636,0.813043478261,0.824778761062,106.904426837
290,0.0107068020237,0.0121021469717,0.0114892807381,0.974506722542,0.969622905028,0.972905027933,0.842841765339,0.81045751634,0.828924162257,110.715462724
300,0.0101790794342,0.0114712237021,0.0107297511502,0.976514754671,0.97032122905,0.97374301676,0.857897517169,0.817204301075,0.837370242215,114.6008871
310,0.0103027161599,0.0116499931669,0.0104951932163,0.975467085734,0.971368715084,0.97625698324,0.858438287154,0.836,0.860426929392,118.682630776
320,0.0100258380212,0.0114459823212,0.0104279722166,0.978522786799,0.973463687151,0.977932960894,0.877,0.850393700787,0.870703764321,122.603668146
330,0.00967325788638,0.0111025798768,0.0100914698461,0.978086258076,0.974162011173,0.97625698324,0.872134488029,0.85020242915,0.858096828047,126.471699096
340,0.0104673022098,0.0119463788517,0.0107982993756,0.976078225947,0.972067039106,0.975698324022,0.859198355601,0.83606557377,0.854757929883,130.252896823
350,0.0102365704264,0.0117331915591,0.0107476830766,0.977387812118,0.97311452514,0.975977653631,0.868059093225,0.841889117043,0.855704697987,134.055072503
360,0.0105055834619,0.0118579273097,0.0110986088125,0.97686397765,0.972416201117,0.974581005587,0.859416445623,0.830835117773,0.843373493976,137.926517465
370,0.0105018973827,0.0118909088914,0.0111332512123,0.974768639776,0.969972067039,0.973184357542,0.845371856608,0.815450643777,0.832167832168,141.694159073
380,0.010182101021,0.0115382107801,0.0107251127886,0.974594028287,0.969972067039,0.97374301676,0.845130388505,0.815450643777,0.837370242215,145.502440066
390,0.0100684529288,0.0114092049636,0.0102959243127,0.9752051685,0.972416201117,0.975139664804,0.854209445585,0.837782340862,0.850921273032,149.455331054
400,0.00994224884386,0.011287408472,0.0106193150182,0.975729002968,0.972067039106,0.97374301676,0.85429769392,0.829787234043,0.839590443686,153.342375808
410,0.010251209688,0.0114958689053,0.010975232998,0.976776671905,0.97311452514,0.974581005587,0.860732984293,0.837894736842,0.843910806175,157.218385925
420,0.0098383629151,0.0111865761533,0.0102920845863,0.977213200629,0.973812849162,0.97625698324,0.86594761171,0.845995893224,0.858096828047,160.977923054
430,0.0102199715054,0.011595394984,0.0107251324152,0.975117862755,0.972067039106,0.975418994413,0.849126521969,0.828326180258,0.848797250859,165.027855572
440,0.010389973223,0.0116869754913,0.0110674062376,0.976165531692,0.97311452514,0.975139664804,0.856843209229,0.836518046709,0.847863247863,168.928093019
450,0.00996423253289,0.0112810664136,0.0105039930219,0.976514754671,0.971717877095,0.976536312849,0.859968766268,0.829473684211,0.858585858586,172.80573855
460,0.0103787660628,0.0117795719917,0.0112573638877,0.975729002968,0.971717877095,0.974581005587,0.852598091198,0.824295010846,0.843373493976,176.720632419
470,0.0104784257548,0.0117604387392,0.0109420645406,0.97834817531,0.974511173184,0.97625698324,0.87462082912,0.852525252525,0.859504132231,181.072865868
480,0.0107498930326,0.0121093711364,0.0115237803751,0.975641697224,0.971717877095,0.974301675978,0.851832182687,0.824295010846,0.841379310345,186.516595364
490,0.00993199925357,0.0112406309858,0.010497230933,0.977387812118,0.97311452514,0.975977653631,0.867111339148,0.840579710145,0.856666666667,191.955323114
500,0.00990724334611,0.0112095228746,0.0106021492674,0.976951283394,0.972765363128,0.975977653631,0.863777089783,0.838174273859,0.855704697987,196.103332235
510,0.00973145385867,0.0111133005855,0.0102104754024,0.977387812118,0.972416201117,0.97625698324,0.867247565351,0.836438923395,0.858569051581,200.903474738
520,0.0101111988811,0.0114826472519,0.0108340497288,0.977213200629,0.974162011173,0.975418994413,0.864133263925,0.845188284519,0.851351351351,204.978571894
530,0.00994000185775,0.0112914576061,0.0104720065563,0.976252837437,0.972416201117,0.975698324022,0.85848074922,0.834381551363,0.854271356784,210.040607693
540,0.0112217162256,0.0125566590545,0.0120207713165,0.976427448926,0.972067039106,0.974860335196,0.860681114551,0.832635983264,0.848993288591,214.853656001
550,0.00956822938041,0.0109451538524,0.0100920389278,0.978260869565,0.975907821229,0.97625698324,0.875062719518,0.861167002012,0.860426929392,220.156110856
560,0.00966998008811,0.0109821591604,0.0103652035627,0.978784704034,0.975209497207,0.97625698324,0.878073256397,0.856565656566,0.859967051071,226.741788684
570,0.0107989500287,0.012282954858,0.0117801178903,0.976340143181,0.972067039106,0.97374301676,0.85729331227,0.825327510917,0.837370242215,231.712582551
580,0.00948106220695,0.0108116803176,0.0100436330088,0.977475117863,0.974511173184,0.975698324022,0.867692307692,0.850102669405,0.854757929883,235.645389561
590,0.0101704084549,0.0114172840919,0.0107913730884,0.977998952331,0.975558659218,0.975698324022,0.871820956256,0.857142857143,0.856198347107,239.600431115
600,0.0100393909029,0.011466238093,0.0105320037134,0.97817356382,0.975558659218,0.976536312849,0.874749498998,0.86,0.862295081967,246.189831718
610,0.00951780518534,0.0108470980174,0.0100620250963,0.977737035097,0.974860335196,0.975139664804,0.86969851814,0.852459016393,0.85141903172,250.159836789
620,0.00979763783557,0.0113941896936,0.0107069905037,0.977649729352,0.974162011173,0.974581005587,0.868041237113,0.845188284519,0.846023688663,254.91648947
630,0.0092445942461,0.0106315849031,0.00988640780144,0.977824340842,0.974860335196,0.975977653631,0.86987704918,0.852459016393,0.85618729097,259.36681869
640,0.0100082600249,0.0114051388756,0.0107424021762,0.977824340842,0.972416201117,0.975139664804,0.871587462083,0.839756592292,0.851913477537,264.958623482
650,0.00981023122939,0.011091255894,0.0104473232975,0.977125894884,0.973812849162,0.975698324022,0.865364850976,0.844720496894,0.853781512605,269.474839778
660,0.00955483495753,0.0110459439922,0.010362756513,0.976776671905,0.97311452514,0.975139664804,0.862176165803,0.837209302326,0.848896434635,275.10952404
670,0.00918961896656,0.010583229488,0.00969895743852,0.977998952331,0.973812849162,0.976536312849,0.874376869392,0.852071005917,0.862295081967,281.769362277
680,0.00963829847356,0.0109414983867,0.0102912342712,0.976252837437,0.972765363128,0.975418994413,0.857591623037,0.834745762712,0.850340136054,288.879361327
690,0.00986758459929,0.0111938505106,0.0106029781212,0.976252837437,0.973812849162,0.975139664804,0.858037578288,0.841437632135,0.848381601363,294.975813082
700,0.00940533045653,0.0108871404711,0.00996012657681,0.978610092544,0.974162011173,0.97625698324,0.877192982456,0.853174603175,0.860426929392,300.532264364
710,0.00939163381293,0.0108282463738,0.0100188191347,0.977737035097,0.974162011173,0.975977653631,0.869831546708,0.847736625514,0.856666666667,304.577738233
720,0.010096003216,0.011305294641,0.0105963528919,0.97668936616,0.973812849162,0.976815642458,0.862724935733,0.845360824742,0.86143572621,309.30891043
730,0.00943782272208,0.0108506905071,0.00996426199623,0.97817356382,0.974511173184,0.976815642458,0.872967479675,0.851926977688,0.862354892206,315.326681966
740,0.00947064734172,0.0109101961035,0.0100642423391,0.978522786799,0.975209497207,0.97625698324,0.87537993921,0.855983772819,0.85903814262,319.673614285
750,0.00914418219119,0.01096146916,0.0095527559718,0.97834817531,0.97311452514,0.975418994413,0.876370887338,0.848722986248,0.857605177994,324.256902044
760,0.00973900141848,0.0113730491797,0.00992788737257,0.97817356382,0.972765363128,0.977094972067,0.878286270691,0.851145038168,0.869426751592,330.646830045
770,0.00949463890551,0.0108950993377,0.00996816665151,0.97817356382,0.974860335196,0.975698324022,0.874245472837,0.854838709677,0.856672158155,336.749957989
780,0.00964611362697,0.0109541413278,0.0101600970398,0.977300506373,0.973812849162,0.975139664804,0.866529774127,0.845360824742,0.850420168067,341.938302295
790,0.0113972423154,0.0125157081294,0.0118780117531,0.97354635935,0.969273743017,0.972067039106,0.850074220683,0.824701195219,0.837662337662,348.407859595
800,0.0102959141779,0.0118468231719,0.0107049913636,0.977300506373,0.972067039106,0.97625698324,0.871541501976,0.84496124031,0.864,352.441887223
810,0.00975429287353,0.0114202687922,0.0101217966486,0.977387812118,0.972765363128,0.975418994413,0.872476612506,0.84765625,0.858974358974,358.297220353
820,0.00945491558411,0.0111394537369,0.00989416245756,0.977911646586,0.974511173184,0.976536312849,0.874814448293,0.857699805068,0.865384615385,362.522200397
830,0.00951031500491,0.0108387956606,0.0101700862112,0.977824340842,0.974860335196,0.975977653631,0.868801652893,0.851239669421,0.85472972973,366.896021485
840,0.00963351641552,0.0109843765435,0.0102092601343,0.97817356382,0.973463687151,0.97625698324,0.873991935484,0.846774193548,0.859504132231,370.888304055
850,0.00970219500102,0.0109673957035,0.0102459683003,0.977213200629,0.974511173184,0.975139664804,0.865809768638,0.850102669405,0.850420168067,375.166013258
860,0.00951125851938,0.0108079345985,0.0100394767951,0.977737035097,0.973812849162,0.975977653631,0.869831546708,0.845995893224,0.85618729097,379.310741593
870,0.0094041442659,0.0108397541029,0.00996367063548,0.978610092544,0.974511173184,0.976815642458,0.876698540513,0.853118712274,0.863711001642,383.369627583
880,0.00971563486572,0.0110735305276,0.0104344482692,0.97668936616,0.974162011173,0.975139664804,0.86144265698,0.84388185654,0.849407783418,387.341609295
890,0.00951951859482,0.0108542934238,0.0100228382805,0.978086258076,0.974511173184,0.975977653631,0.873424104892,0.853118712274,0.858085808581,391.140801872
900,0.0100400725963,0.0118042380022,0.0104671689735,0.97668936616,0.97032122905,0.973463687151,0.870199319397,0.838095238095,0.849921011058,394.986926514
910,0.00965778435835,0.0109175105979,0.010143177999,0.977998952331,0.973463687151,0.975418994413,0.872727272727,0.847389558233,0.854785478548,398.951503148
920,0.00962523138203,0.0109453782443,0.0103700487314,0.977038589139,0.975558659218,0.974581005587,0.8651973347,0.853556485356,0.847058823529,402.713557361
930,0.00926781444871,0.0106943883984,0.00979911406897,0.977562423607,0.975209497207,0.97625698324,0.871692461308,0.858846918489,0.860426929392,406.725931083
940,0.0116571992331,0.0136638304698,0.0118295661922,0.973022524882,0.966480446927,0.972067039106,0.855809612692,0.824175824176,0.848942598187,410.762652002
950,0.0112368488583,0.0127938730627,0.0117837302523,0.973197136372,0.969273743017,0.970670391061,0.854156769596,0.834586466165,0.836193447738,414.680768912
960,0.0092741613729,0.0104756052797,0.00974432020405,0.977387812118,0.975209497207,0.975977653631,0.869389813414,0.856565656566,0.85761589404,418.509776591
970,0.00951547964425,0.010938307482,0.0102091503356,0.977125894884,0.97311452514,0.975418994413,0.864107883817,0.83857442348,0.851351351351,422.490938514
980,0.0105678224918,0.0121676557885,0.0115387047314,0.976252837437,0.972765363128,0.972625698324,0.855319148936,0.829694323144,0.828070175439,426.435875614
990,0.00945955298091,0.0108005294613,0.0101424475838,0.978086258076,0.975209497207,0.975418994413,0.872264631043,0.854805725971,0.853333333333,430.560380497
1000,0.0101332376263,0.0119323135007,0.01051681077,0.976514754671,0.968924581006,0.973463687151,0.870236372407,0.833020637899,0.851330203443,434.66246779
1010,0.00997585598399,0.0113494029596,0.0105773973033,0.974855945521,0.972765363128,0.974301675978,0.848898216159,0.833333333333,0.84406779661,438.673510664
1020,0.00937035724806,0.0108531351002,0.0102059465365,0.978435481055,0.974162011173,0.975139664804,0.875691997987,0.85140562249,0.852892561983,442.774254095
1030,0.00942761187569,0.0108212120769,0.0100448011977,0.977562423607,0.974511173184,0.975698324022,0.871820448878,0.854870775348,0.858075040783,446.762829326
1040,0.00902194868665,0.0103865095499,0.00961734728216,0.97834817531,0.976606145251,0.976536312849,0.875875875876,0.865191146881,0.861386138614,450.815356919
1050,0.00946061274,0.0109781087425,0.00986364021547,0.977387812118,0.97311452514,0.974860335196,0.872602065912,0.851637764933,0.854838709677,454.912835874
1060,0.00984291062216,0.0113946501807,0.0100318678626,0.977649729352,0.971717877095,0.975698324022,0.876089060987,0.846299810247,0.862992125984,458.803554185
1070,0.0095294627994,0.0108607750754,0.0104645316987,0.977649729352,0.973463687151,0.974581005587,0.867082035306,0.841666666667,0.846023688663,462.836019479
1080,0.00917340792155,0.0106544166849,0.00980876908522,0.977998952331,0.974860335196,0.97625698324,0.873493975904,0.856573705179,0.859504132231,466.629088598
1090,0.00961816973838,0.011191146564,0.0101280693175,0.977300506373,0.973463687151,0.976536312849,0.868421052632,0.849206349206,0.862745098039,470.665160772
1100,0.00940966775067,0.010821018326,0.01011711322,0.977475117863,0.975209497207,0.976536312849,0.870090634441,0.858283433134,0.861386138614,474.512606774
1110,0.00969133345566,0.011111270004,0.0100965938622,0.976951283394,0.972067039106,0.976536312849,0.863777089783,0.834024896266,0.86,478.492755233
1120,0.00964255740484,0.0114912455848,0.010220619059,0.977824340842,0.972765363128,0.975698324022,0.875245579568,0.85,0.8608,482.459156178
1130,0.00947374767993,0.0108651784007,0.0103311054253,0.977213200629,0.975558659218,0.975418994413,0.863849765258,0.854166666667,0.850847457627,486.381967696
1140,0.00920112846124,0.0105524575859,0.0102133032595,0.977998952331,0.974860335196,0.975418994413,0.871559633028,0.852459016393,0.851851851852,490.457383446
1150,0.00922370336012,0.0105766239986,0.00988554698261,0.977649729352,0.974860335196,0.97625698324,0.868986693961,0.85306122449,0.858096828047,494.481967438
1160,0.00893105832073,0.0103026596674,0.00959011298979,0.978086258076,0.975209497207,0.97625698324,0.873805932629,0.856565656566,0.85903814262,498.402125986
1170,0.0091146069583,0.010560427582,0.00994383695854,0.977998952331,0.974860335196,0.975698324022,0.870236869207,0.851239669421,0.853781512605,502.361638807
1180,0.00904472802702,0.0106817064472,0.00951120831991,0.978784704034,0.974860335196,0.97625698324,0.87988136431,0.859922178988,0.861788617886,506.302311319
1190,0.00883353919587,0.0103650846965,0.00945157879921,0.978872009778,0.975558659218,0.976815642458,0.879,0.860557768924,0.863711001642,510.220978546
1200,0.00879458787381,0.0103796564778,0.00958499867433,0.979395844247,0.975907821229,0.97625698324,0.881407035176,0.861723446894,0.85903814262,514.242804823
1210,0.00878185129348,0.0102973618706,0.00970834597887,0.979046621268,0.975209497207,0.974860335196,0.878048780488,0.854805725971,0.848993288591,518.37118615
1220,0.00909561590609,0.0106715962147,0.009464531961,0.978522786799,0.976606145251,0.977653631285,0.878217821782,0.867850098619,0.870550161812,522.55701963
1230,0.00885537763931,0.0103860745248,0.00984987089311,0.978086258076,0.975907821229,0.975698324022,0.871479774706,0.858316221766,0.85328836425,526.531835291
1240,0.00896765045417,0.0104937059678,0.00997251625242,0.977911646586,0.975558659218,0.975698324022,0.868979803211,0.854771784232,0.852292020374,530.653198019
1250,0.00901338637858,0.0107705011609,0.00935495959782,0.978959315523,0.975209497207,0.977374301676,0.881572481572,0.86213592233,0.869565217391,534.658349343
1260,0.00914984574247,0.0107172777178,0.0094643947412,0.97817356382,0.974860335196,0.977094972067,0.876482213439,0.857707509881,0.867741935484,538.744243209
1270,0.00884604292521,0.0104179808089,0.0097769852448,0.978697398289,0.975209497207,0.975418994413,0.874743326489,0.854209445585,0.851351351351,542.856477688
1280,0.00889563816265,0.0104349774959,0.00970204146605,0.978697398289,0.974511173184,0.975977653631,0.875637104995,0.850715746421,0.85618729097,546.963960784
1290,0.00882858950847,0.0102085710019,0.00937782347318,0.978872009778,0.975907821229,0.97625698324,0.878269617706,0.861723446894,0.85903814262,551.150231396
1300,0.00896001404992,0.0104310196874,0.00989650202905,0.978522786799,0.975209497207,0.975418994413,0.873456790123,0.852390852391,0.851351351351,555.166602567
1310,0.00890718671257,0.0106175019924,0.0100267925157,0.978522786799,0.974511173184,0.975139664804,0.873326467559,0.847599164927,0.848381601363,559.156424238
1320,0.00970864327289,0.0116927415911,0.0100274482883,0.97834817531,0.973463687151,0.978491620112,0.878550440744,0.854406130268,0.877192982456,563.184414888
1330,0.00971751805222,0.0114269659158,0.0104709568142,0.977824340842,0.974860335196,0.975139664804,0.871065989848,0.85306122449,0.850921273032,567.184258846
1340,0.00895653260763,0.0106855822287,0.0100563288617,0.978610092544,0.973463687151,0.975698324022,0.873254009312,0.8410041841,0.851788756388,571.255780822
1350,0.00971625965769,0.0115357111473,0.0109362323076,0.976602060416,0.971368715084,0.974581005587,0.858350951374,0.824786324786,0.842832469775,575.266951301
1360,0.00900632254898,0.0106188225757,0.00992926280779,0.978522786799,0.975558659218,0.975139664804,0.873456790123,0.854771784232,0.849915682968,579.157801712
1370,0.00871407257988,0.0104453429579,0.0094913728581,0.979133927012,0.974511173184,0.974860335196,0.880320480721,0.853118712274,0.850993377483,583.141124352
1380,0.00894304030466,0.0104804297697,0.00943947034439,0.978260869565,0.974162011173,0.975977653631,0.875934230194,0.853174603175,0.859477124183,587.104296483
1390,0.00905648442874,0.0108601272286,0.00939685184886,0.978784704034,0.974162011173,0.976815642458,0.880706921944,0.856031128405,0.866344605475,591.114417347
1400,0.00894396995948,0.0103027742329,0.00962396051665,0.978697398289,0.97625698324,0.975698324022,0.87614213198,0.861788617886,0.854271356784,595.155876902
1410,0.00910619019763,0.0107514739057,0.0100217064582,0.979046621268,0.975209497207,0.97625698324,0.87963891675,0.858283433134,0.858096828047,598.974536889
1420,0.00907240165752,0.0107225758785,0.00987159719696,0.978086258076,0.974162011173,0.974581005587,0.870150025867,0.845188284519,0.845500848896,603.060696415
1430,0.00876731466577,0.0104535680291,0.00951101317783,0.978959315523,0.975209497207,0.975418994413,0.87647360328,0.853002070393,0.851851851852,606.959801103
1440,0.00885583455161,0.0105313910391,0.00958353583821,0.978697398289,0.975907821229,0.975139664804,0.875510204082,0.858895705521,0.85141903172,610.835744092
1450,0.00874460577331,0.0103148421028,0.00944887289031,0.979046621268,0.974860335196,0.975418994413,0.878172588832,0.853658536585,0.852842809365,614.681650208
1460,0.00882068070212,0.0103223959681,0.00952373801944,0.978872009778,0.975209497207,0.975698324022,0.878147029204,0.856565656566,0.854757929883,618.896509496
1470,0.00927395772842,0.0109385291176,0.0101510242749,0.977475117863,0.974162011173,0.974860335196,0.865062761506,0.844537815126,0.846416382253,622.8074311
1480,0.00895915623878,0.0105386557791,0.00964107710982,0.978697398289,0.974860335196,0.975139664804,0.87614213198,0.85306122449,0.850921273032,626.727764146
1490,0.00865903531299,0.0102781006632,0.00931108189897,0.979308538502,0.975558659218,0.975977653631,0.880242546741,0.858870967742,0.856666666667,630.492011249
1500,0.00853884016982,0.010328268687,0.00929836645896,0.979745067225,0.975907821229,0.975977653631,0.882828282828,0.860040567951,0.85618729097,634.524424499
1510,0.00904625119805,0.0106975816646,0.010074519956,0.978697398289,0.975558659218,0.974860335196,0.873312564901,0.852941176471,0.84693877551,638.653506308
1520,0.00990289679977,0.0117457764267,0.010961392466,0.976602060416,0.972416201117,0.974860335196,0.857142857143,0.82863340564,0.843205574913,642.632653103
1530,0.00922656625038,0.0108901047529,0.0103444895419,0.978260869565,0.975209497207,0.974860335196,0.870109546166,0.850526315789,0.846416382253,646.617696681
1540,0.00881145541028,0.0103962561042,0.00957077757645,0.978872009778,0.975209497207,0.975139664804,0.876530612245,0.854805725971,0.850921273032,650.785843335
1550,0.0092738873518,0.010911222361,0.0102085336424,0.977562423607,0.974860335196,0.974860335196,0.865936358894,0.85,0.846416382253,654.650445617
1560,0.00869191383787,0.0101668081665,0.00942484261401,0.978959315523,0.975907821229,0.975977653631,0.878711625566,0.860606060606,0.856666666667,658.591725549
1570,0.00888972860369,0.01052255704,0.00992745310931,0.978872009778,0.974162011173,0.975418994413,0.875897435897,0.848360655738,0.851351351351,662.651930365
1580,0.008966878592,0.0106229887562,0.00991216760031,0.978435481055,0.974860335196,0.975698324022,0.872876994339,0.850622406639,0.852791878173,666.793646528
1590,0.0089308014115,0.0107699359727,0.0100372105985,0.978959315523,0.974511173184,0.975698324022,0.876978050026,0.850102669405,0.853781512605,670.979015297
1600,0.00914218379796,0.0107324011256,0.0102596781257,0.978260869565,0.974511173184,0.975418994413,0.871979434447,0.849484536082,0.850847457627,674.94824841
1610,0.00923542419855,0.0108374784557,0.0103892365426,0.978522786799,0.974860335196,0.975418994413,0.873326467559,0.851239669421,0.850847457627,678.846112318
1620,0.00894036603453,0.010376429116,0.00974137764622,0.97834817531,0.976606145251,0.975418994413,0.873340143003,0.863543788187,0.851851851852,682.900407846
1630,0.00882735812336,0.0102169351866,0.00958026634849,0.978610092544,0.975558659218,0.97625698324,0.875949367089,0.858870967742,0.85903814262,686.851754597
1640,0.0089324401621,0.0107082678665,0.00999587870108,0.97817356382,0.97625698324,0.975698324022,0.871663244353,0.860082304527,0.852791878173,690.890357247
1650,0.00879752748306,0.0102558022513,0.00925473181107,0.979308538502,0.976955307263,0.977653631285,0.882615156018,0.869565217391,0.869281045752,694.876552911
1660,0.00882292123927,0.010199000855,0.00964149082371,0.97834817531,0.976955307263,0.975418994413,0.874111675127,0.865853658537,0.852348993289,698.809076838
1670,0.00878468383235,0.0101689400289,0.0094351055334,0.979221232757,0.976606145251,0.977094972067,0.881474103586,0.866799204771,0.865131578947,702.851338816
1680,0.00879297861708,0.0101715847585,0.00953106322833,0.978610092544,0.975907821229,0.975698324022,0.8760748609,0.860040567951,0.855721393035,706.950606655
1690,0.00910369869891,0.0104716079411,0.00996000536653,0.978260869565,0.97625698324,0.974860335196,0.871979434447,0.860655737705,0.847972972973,710.990918636
1700,0.0089080608962,0.0104547495557,0.00965441726776,0.978522786799,0.975558659218,0.975139664804,0.87358684481,0.856557377049,0.849915682968,714.870441439
1710,0.00916419695531,0.0107390790359,0.00999468002904,0.978260869565,0.975209497207,0.974581005587,0.870514820593,0.852390852391,0.846023688663,718.850969522
1720,0.0103582750443,0.0120786499754,0.011045273674,0.975117862755,0.970670391061,0.973184357542,0.849126521969,0.822033898305,0.833333333333,722.81998747
1730,0.00883357768415,0.010244510347,0.00976970297849,0.979133927012,0.97625698324,0.975698324022,0.880320480721,0.864,0.855721393035,727.025660122
1740,0.0106140702138,0.0123255135279,0.0113244509715,0.975292474245,0.969273743017,0.974022346369,0.848743987173,0.807860262009,0.837696335079,731.211541644
1750,0.00897202412459,0.0103805496853,0.00979215686493,0.977911646586,0.975907821229,0.974860335196,0.870322911328,0.858895705521,0.847457627119,735.261346912
1760,0.00891522590521,0.0103612589263,0.00976171835161,0.978697398289,0.975907821229,0.975418994413,0.875127942682,0.858895705521,0.851851851852,739.172717177
1770,0.00890185984421,0.0102942469638,0.0094636419964,0.978872009778,0.977653631285,0.975698324022,0.878878878879,0.872,0.855721393035,743.115065092
1780,0.0089148737133,0.010258750388,0.00950775159909,0.978697398289,0.976955307263,0.975418994413,0.878243512974,0.868525896414,0.854304635762,747.194700189
1790,0.00877941679869,0.01022641272,0.00960768740549,0.978784704034,0.97625698324,0.975698324022,0.876335877863,0.861788617886,0.854271356784,751.151363004
1800,0.00889184298996,0.0102510647369,0.009626097152,0.978522786799,0.97625698324,0.975139664804,0.875757575758,0.863453815261,0.851913477537,755.23936993
1810,0.00869043605718,0.0100722654253,0.00925820395946,0.978872009778,0.975907821229,0.975139664804,0.87790110999,0.860606060606,0.851913477537,759.149617829
1820,0.00880435992758,0.0103341506902,0.00951044433727,0.978872009778,0.975209497207,0.975139664804,0.875770020534,0.853608247423,0.849407783418,763.09286583
1830,0.00871069812942,0.0101236560555,0.00938012699683,0.979133927012,0.975558659218,0.975418994413,0.878987341772,0.857142857143,0.851851851852,767.174048973
1840,0.00868405759684,0.0100709037655,0.0093045014566,0.978959315523,0.974860335196,0.975977653631,0.878466969239,0.855421686747,0.85761589404,771.343953704
1850,0.00909591064947,0.0103673773973,0.00939247004365,0.97834817531,0.97625698324,0.977374301676,0.87984496124,0.867704280156,0.871224165342,775.392637536
1860,0.00954014085143,0.0112101024766,0.0102924569834,0.977562423607,0.973812849162,0.975418994413,0.865374541645,0.840085287846,0.849315068493,779.355031435
1870,0.00925077262643,0.0108472145958,0.0102253926777,0.97817356382,0.974860335196,0.975698324022,0.869655891554,0.848739495798,0.85077186964,783.39029855
1880,0.00868811109656,0.0100933212178,0.00923933345708,0.979133927012,0.97625698324,0.976536312849,0.879475542108,0.862903225806,0.860927152318,787.513721097
1890,0.00877295220695,0.0101041913937,0.00945431754054,0.978872009778,0.975558659218,0.975977653631,0.877777777778,0.859437751004,0.855704697987,791.65417935
1900,0.00880264288409,0.010136343889,0.00941085419839,0.979308538502,0.97625698324,0.975418994413,0.882265275708,0.864,0.855263157895,795.745160418
1910,0.0106881491643,0.0115716370861,0.0109484793337,0.976602060416,0.974860335196,0.977374301676,0.872865275142,0.862068965517,0.872440944882,799.763073879
1920,0.00931956069526,0.0108311999772,0.0102283242027,0.977737035097,0.975558659218,0.975139664804,0.866701515944,0.853556485356,0.848381601363,803.660317904
1930,0.00878017616,0.01011523968,0.00947544796683,0.979046621268,0.975558659218,0.975418994413,0.878910191726,0.859437751004,0.852842809365,807.645146835
1940,0.00896132970035,0.0103217596709,0.00978367789512,0.978697398289,0.97625698324,0.975418994413,0.876892028254,0.862903225806,0.852842809365,811.730030766
1950,0.00887368711733,0.0102115823092,0.00949575867546,0.978959315523,0.975558659218,0.97625698324,0.878589420655,0.859437751004,0.858096828047,815.733740237
1960,0.00883935341896,0.0102958529463,0.00969112969923,0.979046621268,0.975558659218,0.975418994413,0.877175025589,0.856557377049,0.851851851852,819.648248598
1970,0.00876747660856,0.0101360287785,0.00944192438112,0.978959315523,0.975558659218,0.975139664804,0.878221323901,0.858870967742,0.850420168067,823.619150705
1980,0.00894783132451,0.0103435263472,0.00937547133928,0.978260869565,0.975907821229,0.977374301676,0.87812041116,0.864440078585,0.869983948636,827.583099846
1990,0.00891699582827,0.0102260467318,0.00972404743573,0.978610092544,0.975558659218,0.975139664804,0.875318066158,0.858299595142,0.850420168067,831.758167924
2000,0.00889588715765,0.0100919482586,0.00933454352778,0.978522786799,0.975907821229,0.976536312849,0.876876876877,0.86282306163,0.861386138614,835.869824163
2010,0.00961591067257,0.0110647276528,0.0101347118616,0.976252837437,0.972416201117,0.975418994413,0.859504132231,0.835073068894,0.850847457627,839.859021706
2020,0.00917671916765,0.0105708730215,0.009957444168,0.978086258076,0.974860335196,0.975139664804,0.870015535992,0.849372384937,0.848896434635,843.918108999
2030,0.00941905073846,0.010896062618,0.00979082897813,0.97686397765,0.973812849162,0.976536312849,0.864172219375,0.845360824742,0.859531772575,847.929763606
2040,0.00917133215434,0.0106268000406,0.0100353124413,0.978260869565,0.973812849162,0.975418994413,0.87171561051,0.844720496894,0.851851851852,851.957917388
2050,0.00891385809108,0.0103269642788,0.00926452182706,0.979133927012,0.975558659218,0.977094972067,0.88044022011,0.86,0.865131578947,856.312200688
2060,0.00880295034236,0.0101836474507,0.00932755043932,0.978697398289,0.975558659218,0.976536312849,0.87614213198,0.858870967742,0.860465116279,860.46522166
2070,0.00937749757271,0.0107370963403,0.00953791557268,0.977998952331,0.974511173184,0.975977653631,0.875616979269,0.856581532417,0.861736334405,864.657812891
2080,0.00933390696099,0.0107130929403,0.00953172321054,0.977475117863,0.974511173184,0.975977653631,0.872403560831,0.857142857143,0.86038961039,868.683256655
2090,0.00914269067626,0.0103544510002,0.00954133771236,0.979395844247,0.976955307263,0.978212290503,0.884200196271,0.870078740157,0.873786407767,872.83945025
2100,0.00953675013154,0.0110194991536,0.00991477739457,0.976951283394,0.972765363128,0.976536312849,0.865030674847,0.83950617284,0.859531772575,876.802363543
2110,0.00876735774745,0.0103330949216,0.00939389167304,0.979221232757,0.974860335196,0.975418994413,0.879919273461,0.854838709677,0.853333333333,880.968009752
2120,0.00970650238963,0.011366751406,0.00980438752025,0.97834817531,0.974162011173,0.977653631285,0.878431372549,0.85546875,0.870967741935,885.086182035
2130,0.00881231993293,0.0101415194327,0.00920610539514,0.979221232757,0.975558659218,0.977653631285,0.881944444444,0.861111111111,0.868852459016,888.949468075
2140,0.00912162218526,0.0103187543217,0.00933927630064,0.978522786799,0.976955307263,0.977653631285,0.8798828125,0.872093023256,0.871794871795,892.823930553
2150,0.00900010553624,0.0104427560774,0.00928835116421,0.978260869565,0.974860335196,0.977932960894,0.877158362111,0.857142857143,0.872374798061,896.796859968
2160,0.00994969821328,0.0113651180628,0.00990956222357,0.977038589139,0.97311452514,0.974301675978,0.874343048256,0.853889943074,0.856697819315,900.741873157
2170,0.00877290950146,0.0102426238533,0.00940742228501,0.97983237297,0.975907821229,0.976536312849,0.88256227758,0.858895705521,0.86,904.690538462
2180,0.00878532307976,0.0103718927481,0.0093992495508,0.979308538502,0.975558659218,0.977094972067,0.881913303438,0.86,0.865573770492,908.496077238
2190,0.00887031134803,0.0102529186181,0.00930790617497,0.978872009778,0.976955307263,0.975977653631,0.88067061144,0.868525896414,0.85993485342,912.346008207
2200,0.00868439523908,0.0103489881986,0.00903549005813,0.979133927012,0.975558659218,0.976536312849,0.881035340966,0.860557768924,0.862745098039,916.313444524
2210,0.00869617794778,0.0102782974105,0.00910108331552,0.979483149991,0.975558659218,0.976536312849,0.884520884521,0.861660079051,0.863636363636,920.076851714
2220,0.00910405317829,0.0107204878822,0.0100473623147,0.978872009778,0.974511173184,0.975977653631,0.874350986501,0.847599164927,0.853242320819,923.820009193
2230,0.00893783100112,0.0105059213859,0.0099586522614,0.979046621268,0.976955307263,0.975977653631,0.879275653924,0.865853658537,0.85618729097,927.539142903
2240,0.00907407902644,0.0103943976615,0.00917119975148,0.978872009778,0.975558659218,0.977932960894,0.882524271845,0.864341085271,0.87440381558,931.514595339
2250,0.00873305018395,0.0101687675824,0.00895203405575,0.979395844247,0.975209497207,0.977374301676,0.883514313919,0.859960552268,0.868719611021,935.332276752
2260,0.00890400016704,0.0101593301729,0.00906326847061,0.978872009778,0.97625698324,0.977653631285,0.88137254902,0.8671875,0.870550161812,939.513842372
2270,0.0089845056178,0.0103806206925,0.00892632527092,0.978784704034,0.975558659218,0.97905027933,0.882665379044,0.865384615385,0.881141045959,943.320517248
2280,0.00882516596085,0.0102611930705,0.00899527505839,0.979395844247,0.977653631285,0.97905027933,0.884540117417,0.875,0.879614767255,947.22381161
2290,0.00978596979536,0.011382539653,0.0101773491064,0.977475117863,0.97311452514,0.975977653631,0.867556468172,0.839248434238,0.85472972973,951.223436687
2300,0.00882823165491,0.0102183946479,0.00903441819807,0.979221232757,0.975558659218,0.976815642458,0.882294757666,0.861111111111,0.865040650407,954.978117249
2310,0.00912675922273,0.0106035531536,0.0092965201029,0.978784704034,0.975209497207,0.976815642458,0.878923766816,0.858283433134,0.865040650407,958.819964588
2320,0.00874610157198,0.0101359987916,0.00906000049042,0.978959315523,0.975907821229,0.977094972067,0.881688757977,0.863905325444,0.866883116883,962.69690534
2330,0.00946489427113,0.0109037788047,0.0095424257981,0.977824340842,0.974511173184,0.978212290503,0.87729468599,0.860420650096,0.875796178344,966.573892033
2340,0.00867369269335,0.0100116119297,0.00896660442529,0.979221232757,0.976955307263,0.977374301676,0.882989183874,0.870078740157,0.868719611021,970.447165064
2350,0.00886776557373,0.0103166850616,0.00920069821792,0.978959315523,0.976955307263,0.975977653631,0.87943971986,0.868,0.858552631579,974.241861639
2360,0.00872233527229,0.0103097117835,0.00953786017576,0.979919678715,0.977304469274,0.976536312849,0.883248730964,0.867617107943,0.859060402685,978.04908382
2370,0.00858935071421,0.00995389340996,0.009054774332,0.979395844247,0.976606145251,0.977094972067,0.882117882118,0.865731462926,0.864238410596,981.873625689
2380,0.00863842741442,0.0100163866622,0.0089440530054,0.979657761481,0.976606145251,0.977094972067,0.884021901444,0.86626746507,0.865573770492,985.716103219
2390,0.00926511513255,0.0103913152271,0.00943908511505,0.979657761481,0.976955307263,0.978212290503,0.886728245017,0.872093023256,0.875,989.488470069
2400,0.00900952377,0.0103188980991,0.00933034283903,0.978872009778,0.975558659218,0.976815642458,0.88137254902,0.863813229572,0.866773675762,993.370986462
2410,0.00875428924323,0.00995096130306,0.00914744961644,0.979570455736,0.977653631285,0.976815642458,0.884387351779,0.872,0.863711001642,997.203312077
2420,0.00871470345269,0.0101150957097,0.00938495531666,0.979221232757,0.975558659218,0.97625698324,0.88040201005,0.858870967742,0.859504132231,1000.95539968
2430,0.00852002435364,0.00996928148408,0.00896600056618,0.979745067225,0.975209497207,0.976815642458,0.883883883884,0.857142857143,0.863261943987,1004.98561056
2440,0.00888356286241,0.0102982574648,0.00916925787026,0.978697398289,0.975558659218,0.976815642458,0.878121878122,0.860557768924,0.863711001642,1008.91579519
2450,0.00859330670397,0.0103608986034,0.00923003719846,0.979133927012,0.975558659218,0.976536312849,0.880080280983,0.857723577236,0.861386138614,1012.8029571
2460,0.00935514865386,0.0112491345325,0.0105368527415,0.978435481055,0.974860335196,0.975139664804,0.870883429169,0.848101265823,0.846815834768,1016.58284651
2470,0.0105805224882,0.0126883495266,0.011699690177,0.975729002968,0.971019553073,0.972625698324,0.850215517241,0.818380743982,0.825,1020.38896267
2480,0.00856227174504,0.01020553273,0.00944561599785,0.979308538502,0.97625698324,0.976815642458,0.879634332148,0.861224489796,0.860504201681,1024.20500761
2490,0.00865073501694,0.0103378478813,0.00950266352196,0.980181595949,0.975558659218,0.975139664804,0.884830035515,0.857723577236,0.85141903172,1028.18526118
2500,0.00907591837496,0.010685789465,0.0100127257697,0.98000698446,0.975907821229,0.976536312849,0.886126305321,0.861723446894,0.862295081967,1032.14807424
2510,0.00941140935747,0.0110531120548,0.0100510745496,0.979221232757,0.975558659218,0.975418994413,0.881,0.858870967742,0.854304635762,1035.99219615
2520,0.0120812445104,0.0143191183543,0.0125686622838,0.973197136372,0.968575418994,0.97094972067,0.850898494415,0.825581395349,0.832797427653,1039.84540984
2530,0.00903674469008,0.0108232119208,0.00995054123005,0.979133927012,0.975558659218,0.975977653631,0.878247580234,0.856557377049,0.856666666667,1043.6382389
2540,0.00864655711891,0.0104282745152,0.00947719365741,0.979308538502,0.975907821229,0.977094972067,0.881913303438,0.861167002012,0.866013071895,1047.40751342
2550,0.00872565321795,0.0102501648317,0.00929695830928,0.979395844247,0.975558659218,0.977094972067,0.882587064677,0.859437751004,0.866013071895,1051.20183738
2560,0.00876337952982,0.0107433559337,0.00980282209508,0.979395844247,0.975558659218,0.976536312849,0.881048387097,0.857142857143,0.860927152318,1055.09562666
2570,0.00890900469429,0.0106455199222,0.00976762115486,0.979919678715,0.975209497207,0.97625698324,0.886363636364,0.859405940594,0.861788617886,1058.85917515
2580,0.0089426673774,0.0107508991115,0.00986190529913,0.979133927012,0.976606145251,0.975418994413,0.880200501253,0.865191146881,0.854785478548,1062.69042606
2590,0.0089320404164,0.0106883940868,0.0098836754784,0.979570455736,0.975907821229,0.974581005587,0.882293762575,0.860040567951,0.848585690516,1066.66011302
2600,0.0090374306069,0.0108849065548,0.0100283574752,0.979395844247,0.974162011173,0.975418994413,0.882820258193,0.852589641434,0.856209150327,1070.64943458
2610,0.00888524559234,0.0106452274342,0.0098000796052,0.979221232757,0.974860335196,0.975418994413,0.882178217822,0.856573705179,0.855263157895,1074.44571453
2620,0.00932883209835,0.0110563868002,0.00984536472096,0.978697398289,0.974162011173,0.97625698324,0.880509304603,0.85546875,0.86268174475,1078.23324807
2630,0.00914597001549,0.0109806535111,0.0102345962035,0.979046621268,0.974860335196,0.974301675978,0.879396984925,0.854251012146,0.846666666667,1082.14600465
2640,0.00891649399828,0.0108034205754,0.00984717170059,0.979308538502,0.974162011173,0.975418994413,0.882731321128,0.853174603175,0.856209150327,1086.12748931
2650,0.00876807243371,0.010648635415,0.0098746662896,0.979046621268,0.975209497207,0.975139664804,0.87915407855,0.855983772819,0.851913477537,1089.99823108
2660,0.00894570797214,0.0108147686445,0.00965218618507,0.978522786799,0.973463687151,0.976815642458,0.879293424926,0.850980392157,0.866344605475,1093.81930022
2670,0.00895749138077,0.0109392940591,0.00988973958552,0.979046621268,0.973463687151,0.975698324022,0.88188976378,0.850393700787,0.858995137763,1097.69622066
2680,0.00916429479801,0.0112861012244,0.010421007369,0.977998952331,0.972416201117,0.974581005587,0.874251497006,0.841683366733,0.850082372323,1101.55887039
2690,0.00956862133825,0.0116752941316,0.0108917171584,0.977649729352,0.973812849162,0.973463687151,0.872,0.848484848485,0.844006568144,1105.3108975
2700,0.00906938043821,0.0111839535978,0.0101322370289,0.978872009778,0.97311452514,0.975977653631,0.87972166998,0.845691382766,0.858552631579,1109.21169916
2710,0.00918559832878,0.0112691296359,0.0103066576787,0.978610092544,0.971368715084,0.975977653631,0.878892733564,0.837301587302,0.85993485342,1113.00568111
2720,0.00910178520497,0.0111211866028,0.0105100988037,0.978522786799,0.973812849162,0.975977653631,0.876132930514,0.846625766871,0.857142857143,1116.94304666
2730,0.00899550106662,0.0104627574421,0.0097134705961,0.977998952331,0.975907821229,0.975139664804,0.87610619469,0.863905325444,0.854337152209,1120.73032302
2740,0.0103621545448,0.0125133703663,0.0113118832221,0.97537977999,0.97032122905,0.972625698324,0.864423076923,0.836223506744,0.845911949686,1124.67394841
2750,0.00891009090482,0.0108937696718,0.0102940795877,0.978872009778,0.975558659218,0.976536312849,0.877777777778,0.855967078189,0.86,1128.48132783
2760,0.0089879837049,0.011315887009,0.0101136468158,0.978784704034,0.97311452514,0.975698324022,0.880236569739,0.846918489066,0.858075040783,1132.33876962
2770,0.00896024975869,0.0112105103007,0.0102206109338,0.979046621268,0.974162011173,0.975418994413,0.8810703667,0.852,0.855263157895,1136.19059091
2780,0.00894579987205,0.010574059934,0.00997093584953,0.978872009778,0.975907821229,0.975418994413,0.881022615536,0.864440078585,0.85667752443,1140.07892101
2790,0.00892865502249,0.0111259933655,0.0101081478755,0.978872009778,0.975209497207,0.975977653631,0.878514056225,0.854805725971,0.857142857143,1143.85562426
2800,0.0087514455444,0.0103692865912,0.00966072972243,0.979308538502,0.976606145251,0.977094972067,0.88144072036,0.864097363083,0.864238410596,1147.5997409
2810,0.00903232806657,0.0104608470733,0.0100286469821,0.979308538502,0.974511173184,0.975977653631,0.878399179066,0.848232848233,0.85472972973,1151.33221206
2820,0.00900726227462,0.0111514455162,0.0102854283565,0.979483149991,0.974162011173,0.975418994413,0.88016318205,0.845833333333,0.852348993289,1155.11441614
2830,0.00952790636701,0.0115631327,0.0107970796424,0.977911646586,0.974511173184,0.975698324022,0.869385647909,0.848232848233,0.851282051282,1159.00498975
2840,0.00870444792052,0.0103609405611,0.00977213691434,0.97983237297,0.974511173184,0.975977653631,0.882442748092,0.850715746421,0.855704697987,1162.96979091
2850,0.0091234623408,0.0107904455802,0.00939073642379,0.97834817531,0.973812849162,0.976815642458,0.878192534381,0.853228962818,0.86591276252,1166.90324296
2860,0.00899116469308,0.0110921769038,0.0099949516821,0.979046621268,0.974162011173,0.975418994413,0.880715705765,0.852589641434,0.854785478548,1170.83281366
2870,0.00862987601568,0.0107218947884,0.00949909117507,0.979395844247,0.973812849162,0.976536312849,0.882235528942,0.850299401198,0.861842105263,1174.72236984
2880,0.00895978046532,0.0111082761685,0.0100330348384,0.979308538502,0.973463687151,0.975139664804,0.881913303438,0.847389558233,0.853858784893,1178.6356545
2890,0.00905023332459,0.011339592648,0.0105073668357,0.978784704034,0.972416201117,0.975418994413,0.877086494689,0.839103869654,0.852842809365,1182.50177388
2900,0.010696407614,0.0128572194566,0.0111843927847,0.973895582329,0.969622905028,0.971508379888,0.860345632882,0.840950639854,0.845921450151,1186.48063373
2910,0.00897027234015,0.011020168022,0.0103007879103,0.978959315523,0.974511173184,0.975698324022,0.877850988343,0.850102669405,0.854757929883,1190.47304537
2920,0.00885887337113,0.010707335931,0.0102278371328,0.979221232757,0.974860335196,0.974581005587,0.880641925777,0.853658536585,0.849087893864,1194.34297982
2930,0.00914588649333,0.0109755578494,0.0101068322374,0.979046621268,0.974162011173,0.975698324022,0.88188976378,0.857142857143,0.859450726979,1198.26190098
2940,0.00918881835963,0.0111262443489,0.0097819965895,0.977737035097,0.972067039106,0.974581005587,0.876752054132,0.846743295019,0.856240126382,1202.04714751
2950,0.00885921257522,0.0107790613669,0.0100185385801,0.979221232757,0.973812849162,0.974581005587,0.881944444444,0.849699398798,0.850574712644,1205.92791753
2960,0.00879594191578,0.0106753193274,0.0100629434332,0.979046621268,0.974162011173,0.975139664804,0.878665318504,0.848360655738,0.85141903172,1209.90838263
2970,0.00875389464689,0.0105220091065,0.00977920368051,0.979570455736,0.97625698324,0.975977653631,0.883813306852,0.864,0.859016393443,1213.79611156
2980,0.00873076057187,0.0107191971739,0.00992385275495,0.979570455736,0.975907821229,0.975418994413,0.882882882883,0.860040567951,0.854785478548,1217.67609296
2990,0.00911856670653,0.0113368991734,0.0106640187557,0.979395844247,0.975558659218,0.975977653631,0.878475798146,0.854166666667,0.854237288136,1221.62856109
3000,0.00882972905425,0.0109048878431,0.0099004337001,0.979133927012,0.973463687151,0.97625698324,0.88044022011,0.845528455285,0.860426929392,1225.65958938
3010,0.00905573615739,0.0110772364377,0.010604472485,0.979570455736,0.974162011173,0.975418994413,0.879753340185,0.844537815126,0.850847457627,1229.5070929
3020,0.00895688325523,0.0111663406959,0.0103268954176,0.979919678715,0.975558659218,0.976536312849,0.882292732856,0.853556485356,0.858585858586,1233.51569231
3030,0.00901824633907,0.0113226796833,0.010626477163,0.979657761481,0.974860335196,0.975139664804,0.882855706385,0.853658536585,0.851913477537,1237.33997447
3040,0.00883686446641,0.0109867418492,0.0102620810269,0.980094290204,0.974162011173,0.976536312849,0.88295687885,0.845188284519,0.858108108108,1241.21123827
3050,0.00875033500266,0.0108435270945,0.0100717884969,0.980181595949,0.975558659218,0.975977653631,0.883649410559,0.854166666667,0.85472972973,1245.04185183
3060,0.00876343155507,0.0107047302947,0.0100414076876,0.980356207438,0.974511173184,0.975977653631,0.884556182658,0.848232848233,0.85472972973,1248.78347631
3070,0.00928757851597,0.0115302097634,0.010680819042,0.979133927012,0.974860335196,0.97625698324,0.876613319566,0.849372384937,0.856175972927,1252.62674215
3080,0.00925570903427,0.0112565835079,0.0105549497212,0.979221232757,0.973463687151,0.975139664804,0.876041666667,0.839662447257,0.846815834768,1256.52863842
3090,0.00892166362995,0.0107664471057,0.0103542034868,0.979657761481,0.975209497207,0.975698324022,0.881424936387,0.852390852391,0.85328836425,1260.42314253
3100,0.00926811456932,0.0114325510302,0.0107216633413,0.978872009778,0.974511173184,0.975698324022,0.874741200828,0.846315789474,0.851788756388,1264.31466141
3110,0.00876164994693,0.0106618147302,0.0102221433149,0.979919678715,0.975558659218,0.975418994413,0.882653061224,0.855371900826,0.851851851852,1268.20830026
3120,0.00971609367847,0.0117477018323,0.0112172073643,0.977213200629,0.972416201117,0.973463687151,0.861977789529,0.830107526882,0.833625218914,1272.09129911
3130,0.00891146698861,0.0107293570613,0.0103972791092,0.979657761481,0.975907821229,0.975418994413,0.881304126337,0.856548856549,0.852348993289,1275.85512757
3140,0.00909804930845,0.0108712553907,0.0102380198047,0.979657761481,0.974511173184,0.975139664804,0.880082346886,0.847599164927,0.849407783418,1279.64509033
3150,0.00891176321126,0.0107161143447,0.00994106068246,0.978959315523,0.975209497207,0.975977653631,0.879680479281,0.857715430862,0.858085808581,1283.42390906
3160,0.00869585373238,0.0105068161762,0.0093558001165,0.980181595949,0.976955307263,0.976815642458,0.888011840158,0.867469879518,0.864157119476,1287.34602233
3170,0.00868966791042,0.0107033882722,0.0101292620256,0.979919678715,0.97625698324,0.975698324022,0.88453815261,0.861224489796,0.854757929883,1291.31094101
3180,0.00886863446561,0.010870007677,0.0101223405395,0.97983237297,0.974511173184,0.976536312849,0.885017421603,0.85370741483,0.862295081967,1295.1574098
3190,0.00886593335095,0.0109109078836,0.0103369116227,0.979919678715,0.974162011173,0.975977653631,0.882051282051,0.847107438017,0.85472972973,1298.8417265
3200,0.00874935316299,0.0105628882077,0.00954057599627,0.97983237297,0.975209497207,0.976536312849,0.885359801489,0.857715430862,0.862295081967,1302.76112579
3210,0.0090528512344,0.0113671426722,0.0102276767286,0.979657761481,0.974511173184,0.975418994413,0.883906327853,0.853118712274,0.855737704918,1306.61015801
3220,0.0087079522499,0.0106708800341,0.0101063100589,0.980181595949,0.975907821229,0.975698324022,0.884830035515,0.857142857143,0.854757929883,1310.32481243
3230,0.00879234358115,0.0108323226324,0.0101618588336,0.979919678715,0.97625698324,0.974860335196,0.88453815261,0.861224489796,0.850993377483,1314.19137157
3240,0.00981032747252,0.0118756917698,0.0106334350477,0.976427448926,0.971019553073,0.974022346369,0.869565217391,0.841904761905,0.852146263911,1318.09506535
3250,0.00882061464336,0.0109418538329,0.0102679441326,0.979919678715,0.974511173184,0.975977653631,0.882172131148,0.849484536082,0.854237288136,1321.84419715
3260,0.00882967861958,0.0109044297243,0.0102083315989,0.979657761481,0.975209497207,0.975698324022,0.881785895485,0.854209445585,0.854271356784,1325.59586524
3270,0.00887963556691,0.011008844096,0.0104890608842,0.980094290204,0.975209497207,0.975977653631,0.883076923077,0.851153039832,0.854237288136,1329.52162382
3280,0.00901613675014,0.0116125859476,0.0105796189633,0.979395844247,0.974860335196,0.975418994413,0.878475798146,0.849372384937,0.850340136054,1333.33576905
3290,0.00900903707163,0.0113412699321,0.0105378472663,0.979308538502,0.974860335196,0.975698324022,0.876883116883,0.848739495798,0.85077186964,1337.24672918
3300,0.00898042177904,0.0110443932398,0.0102722572535,0.979657761481,0.974162011173,0.975418994413,0.884481903818,0.852,0.855737704918,1341.06362327
3310,0.00888489870268,0.0110926514279,0.00934004896763,0.979395844247,0.972416201117,0.977932960894,0.883629191321,0.846003898635,0.871544715447,1344.89407116
3320,0.00883606395056,0.0110074983119,0.0098869021079,0.979657761481,0.973463687151,0.976536312849,0.882855706385,0.846153846154,0.860927152318,1348.75091422
3330,0.00867912655688,0.0108296778264,0.00999469811202,0.97983237297,0.975907821229,0.976536312849,0.882919412063,0.857142857143,0.86,1352.48863066
3340,0.011465254159,0.0137824976903,0.0129184665768,0.974244805308,0.967877094972,0.969832402235,0.839412084921,0.794642857143,0.803636363636,1356.40162902
3350,0.00898505069401,0.0112354955208,0.00997143644106,0.979570455736,0.974511173184,0.975977653631,0.882882882883,0.852525252525,0.858085808581,1360.24222311
3360,0.00938233672719,0.011809328086,0.0107626877345,0.978784704034,0.972416201117,0.975698324022,0.879284649776,0.844181459566,0.858536585366,1363.9790145
3370,0.00851968580964,0.0103910171722,0.0094882396164,0.981054653396,0.97625698324,0.976815642458,0.890459363958,0.860082304527,0.862354892206,1367.92248313
3380,0.00888517590243,0.010923280718,0.00970069385504,0.97983237297,0.974162011173,0.975418994413,0.886038480513,0.854901960784,0.857605177994,1371.62355246
3390,0.00896101289299,0.0109704916002,0.00950475928651,0.979657761481,0.97625698324,0.977094972067,0.885616102111,0.868217054264,0.869009584665,1375.46076326
3400,0.00879280236991,0.0106632267671,0.00997995114163,0.979483149991,0.975907821229,0.975977653631,0.879918242207,0.857142857143,0.85472972973,1379.29772488
3410,0.00867716570823,0.0105159728256,0.0100039305704,0.980530818928,0.97625698324,0.976815642458,0.887883358472,0.860655737705,0.86143572621,1383.14091781
3420,0.00888225303703,0.0105797649977,0.0101566446193,0.980268901694,0.975209497207,0.977374301676,0.886886886887,0.857715430862,0.866556836903,1386.80652686
3430,0.00904073016846,0.0113272581969,0.0103604583213,0.979046621268,0.973463687151,0.97625698324,0.879275653924,0.846774193548,0.859504132231,1390.70385055
3440,0.00872994188627,0.01066474614,0.0100118989793,0.98000698446,0.975209497207,0.975418994413,0.88578553616,0.857715430862,0.854785478548,1394.62268764
3450,0.00929211771786,0.0115371789614,0.00997123195252,0.978610092544,0.972765363128,0.975977653631,0.879606879607,0.848837209302,0.861736334405,1398.50741665
3460,0.00873813293683,0.0107830072356,0.00974179440715,0.979919678715,0.974162011173,0.977374301676,0.885912698413,0.853174603175,0.866995073892,1402.45932483
3470,0.00904087873168,0.0112193819428,0.0103214990719,0.97983237297,0.974162011173,0.975418994413,0.880743417656,0.843220338983,0.849315068493,1406.39815221
3480,0.00908689255344,0.0112756106822,0.00993453214735,0.978522786799,0.973812849162,0.975418994413,0.879293424926,0.853801169591,0.858974358974,1410.31977542
3490,0.00874352986585,0.010538336556,0.0093626795587,0.980356207438,0.975209497207,0.977932960894,0.889217134417,0.861598440546,0.872785829308,1414.06162629
3500,0.00924106606335,0.0112964599418,0.0101608401406,0.978697398289,0.973463687151,0.974860335196,0.880509304603,0.8515625,0.855305466238,1417.84451787
3510,0.00872997147527,0.0106040732873,0.0096639243711,0.980181595949,0.975907821229,0.977374301676,0.885063291139,0.860040567951,0.865671641791,1421.5600957
3520,0.00886519043786,0.0107415514428,0.01005315727,0.979308538502,0.973463687151,0.976536312849,0.882148184983,0.847389558233,0.862295081967,1425.47340309
3530,0.00880310511888,0.0108064951381,0.0103616806673,0.980443513183,0.975209497207,0.975977653631,0.88698284561,0.854805725971,0.85618729097,1429.20553866
3540,0.00890576664728,0.0107580237321,0.00983029921949,0.979483149991,0.975558659218,0.976536312849,0.883605745419,0.862204724409,0.86319218241,1433.01321259
3550,0.00889135219046,0.0107116736818,0.00956125199369,0.97983237297,0.974162011173,0.975139664804,0.88362720403,0.853754940711,0.852404643449,1436.81232507
3560,0.00865700509355,0.00996142872709,0.0094475744706,0.97983237297,0.976955307263,0.977094972067,0.88315629742,0.866935483871,0.864686468647,1440.69706581
3570,0.00884109678305,0.0108286167299,0.0101327871366,0.979570455736,0.976606145251,0.97625698324,0.881218274112,0.861283643892,0.858096828047,1444.68346022
3580,0.00870480218608,0.0102119428318,0.00983728026182,0.97983237297,0.97625698324,0.97374301676,0.882082695253,0.858921161826,0.841216216216,1448.60370236
3590,0.00915228967548,0.0105569251992,0.00996856577083,0.97834817531,0.974162011173,0.973463687151,0.876494023904,0.85140562249,0.844517184943,1452.47464415
3600,0.00853987383978,0.0102626263005,0.00936866787842,0.981141959141,0.977653631285,0.977094972067,0.892644135189,0.871485943775,0.865573770492,1456.28192669
3610,0.00864447007721,0.0102701495696,0.00971631526465,0.980094290204,0.976606145251,0.974860335196,0.884848484848,0.862422997947,0.849498327759,1460.11988615
3620,0.00880927733932,0.0107055446574,0.00995592879677,0.979308538502,0.974860335196,0.974581005587,0.879389312977,0.853658536585,0.846023688663,1463.94832222
3630,0.00918748805107,0.011049197777,0.010426676266,0.978435481055,0.973463687151,0.974581005587,0.872483221477,0.843621399177,0.844974446337,1467.83191265
3640,0.00869447063035,0.0104955644468,0.00953733824124,0.979745067225,0.975209497207,0.976815642458,0.88376753507,0.857142857143,0.862809917355,1471.69908679
3650,0.00994699583497,0.0116628123161,0.0115162228688,0.975467085734,0.971717877095,0.971229050279,0.848680667744,0.824295010846,0.816399286988,1475.46116241
3660,0.00895819170812,0.0107484993987,0.00980987761299,0.978872009778,0.975209497207,0.975977653631,0.87996031746,0.857715430862,0.859016393443,1479.41282084
3670,0.00935819478068,0.0117366564368,0.0108446774152,0.978260869565,0.974162011173,0.974301675978,0.87468545546,0.849593495935,0.848184818482,1483.23751533
3680,0.00973547909419,0.0110955199687,0.00974210970172,0.976078225947,0.974162011173,0.975977653631,0.870632672332,0.857692307692,0.865625,1486.91426384
3690,0.0092726447672,0.0113329653205,0.0106739460425,0.979221232757,0.974511173184,0.975698324022,0.876427829699,0.846315789474,0.85077186964,1490.71500109
3700,0.00860682654121,0.0103808238127,0.00938799824417,0.979483149991,0.975209497207,0.976536312849,0.880285277636,0.853608247423,0.858108108108,1494.47348601
3710,0.00949191539984,0.01160665326,0.0102373929442,0.977649729352,0.974162011173,0.97625698324,0.872255489022,0.85140562249,0.859967051071,1498.42594025
3720,0.00910541189728,0.0104305009449,0.00980333896549,0.978522786799,0.97625698324,0.976536312849,0.871473354232,0.858921161826,0.855670103093,1502.25323704
3730,0.00864228539296,0.0108071375067,0.009760583932,0.980792736162,0.975558659218,0.976815642458,0.887179487179,0.855967078189,0.859560067682,1506.15567167
3740,0.00891932938482,0.0109439737519,0.00999178723394,0.979657761481,0.975558659218,0.975977653631,0.879586563307,0.853556485356,0.853242320819,1510.011268
3750,0.0083605374208,0.0102957633948,0.00914061076022,0.980880041907,0.97625698324,0.977932960894,0.889894419306,0.861224489796,0.868552412646,1513.87807644
3760,0.00876848834687,0.0108639121236,0.00965008657418,0.979395844247,0.974860335196,0.977094972067,0.883399209486,0.854251012146,0.866449511401,1517.95066713
3770,0.00896836845096,0.0108670288298,0.0101379879431,0.979133927012,0.974511173184,0.975698324022,0.875326030256,0.845665961945,0.850258175559,1521.76828212
3780,0.00910425774202,0.0110068775147,0.0103679612909,0.979570455736,0.974511173184,0.975139664804,0.878881987578,0.846315789474,0.847863247863,1525.62207285
3790,0.00862634326197,0.0104623718094,0.00950935968646,0.980094290204,0.97625698324,0.976536312849,0.882836587873,0.859504132231,0.857142857143,1529.46009655
3800,0.00878502895289,0.010812315154,0.00985299696558,0.980181595949,0.976606145251,0.976815642458,0.883410374936,0.860706860707,0.85860306644,1533.32326328
3810,0.0103313887858,0.012020065257,0.0102706781923,0.974855945521,0.97032122905,0.974301675978,0.865042174321,0.839319470699,0.858895705521,1537.32522201
3820,0.0101848344136,0.0118892949418,0.0108806405548,0.9752051685,0.971368715084,0.973184357542,0.860510805501,0.837944664032,0.843648208469,1541.14886984
3830,0.00890689715409,0.0112034388735,0.0101933620624,0.979657761481,0.974511173184,0.975977653631,0.879710893134,0.846960167715,0.852739726027,1544.92573898
3840,0.00855033982984,0.0105897014093,0.00952067246411,0.980356207438,0.975558659218,0.977094972067,0.88630621526,0.858299595142,0.863333333333,1548.77727226
3850,0.00874013241359,0.0106573662969,0.00998931834925,0.980530818928,0.974860335196,0.97625698324,0.88569964121,0.850622406639,0.856175972927,1552.58908359
3860,0.00872356189014,0.0104004310098,0.00971364526546,0.979919678715,0.975558659218,0.97625698324,0.882653061224,0.855967078189,0.856661045531,1556.5630519
3870,0.00916297638901,0.0113109368937,0.0101766052234,0.978260869565,0.973812849162,0.974301675978,0.877037037037,0.849699398798,0.849180327869,1560.36199193
3880,0.00891396857055,0.0107568378598,0.00938774796051,0.978959315523,0.974860335196,0.977094972067,0.882266731803,0.858823529412,0.86858974359,1564.32351481
3890,0.00904153668279,0.0117167471924,0.0105559113013,0.980618124673,0.975209497207,0.97625698324,0.88591983556,0.851774530271,0.855195911414,1568.16995283
3900,0.0087860862138,0.011491965754,0.0103815340172,0.980181595949,0.974511173184,0.976815642458,0.885526979324,0.849484536082,0.86143572621,1571.96322583
3910,0.00868687420491,0.0109624407312,0.00991256739764,0.980443513183,0.975558659218,0.977094972067,0.88855721393,0.859437751004,0.866883116883,1575.81574808
3920,0.00852528166076,0.01015434787,0.00914753753329,0.980181595949,0.976606145251,0.978770949721,0.885872297637,0.865191146881,0.875,1579.64690355
3930,0.0087781519993,0.0104218469431,0.00927601732071,0.97983237297,0.97625698324,0.977374301676,0.886820186183,0.8671875,0.8704,1583.51537158
3940,0.00857331671796,0.0101696112969,0.00915552548296,0.980094290204,0.97625698324,0.977374301676,0.887128712871,0.865079365079,0.867862969005,1587.37039989
3950,0.00885096881646,0.0106620319235,0.00997179183788,0.980443513183,0.974511173184,0.976536312849,0.887210473313,0.85370741483,0.86,1591.23590394
3960,0.0090046492889,0.0114419285214,0.0103558905211,0.979919678715,0.974162011173,0.975977653631,0.88453815261,0.85140562249,0.858552631579,1595.0868678
3970,0.0088696832741,0.0106899580244,0.0101552178611,0.980094290204,0.975907821229,0.97625698324,0.883910386965,0.858895705521,0.856661045531,1598.87538816
3980,0.00936793667947,0.0115148306654,0.0107492080588,0.978784704034,0.974162011173,0.975698324022,0.873634945398,0.845833333333,0.850258175559,1602.87869236
3990,0.00871270849697,0.0104243014662,0.0094978558071,0.98000698446,0.975558659218,0.976815642458,0.88486676722,0.861111111111,0.863261943987,1606.73727887
4000,0.00858759359236,0.0101298939987,0.00922248330705,0.980181595949,0.97625698324,0.977094972067,0.886215538847,0.864541832669,0.864686468647,1610.70202199
4010,0.00909239905663,0.0108040387332,0.0102562447247,0.979133927012,0.97625698324,0.975977653631,0.87610160705,0.858921161826,0.852739726027,1614.75647061
4020,0.00870512887724,0.0104406569787,0.00960037961705,0.980967347651,0.975907821229,0.977094972067,0.890010090817,0.862275449102,0.864238410596,1618.77680101
4030,0.0084364921376,0.0102422559702,0.00927458278471,0.980792736162,0.976606145251,0.976536312849,0.88988988989,0.864646464646,0.861842105263,1622.64571368
4040,0.00865135267411,0.0107869075001,0.00997657056033,0.980792736162,0.974860335196,0.976815642458,0.888888888889,0.852459016393,0.86143572621,1626.39155614
4050,0.00864536497881,0.0105124736824,0.00955290427608,0.980880041907,0.975558659218,0.977653631285,0.890335503255,0.860557768924,0.868852459016,1630.12789286
4060,0.00863225329239,0.0104578277644,0.00915329876462,0.98000698446,0.974860335196,0.977653631285,0.886689757546,0.858267716535,0.870550161812,1634.02765974
4070,0.00840833069391,0.0103496614846,0.00902582895627,0.980181595949,0.976606145251,0.977932960894,0.887008461921,0.865191146881,0.871125611746,1637.87942745
4080,0.0099849788302,0.0124138374415,0.0120991217679,0.978260869565,0.973463687151,0.972346368715,0.870109546166,0.838983050847,0.82722513089,1641.78168003
4090,0.00847855984034,0.0103523479163,0.00921756109509,0.980792736162,0.974860335196,0.977374301676,0.890656063618,0.858267716535,0.867430441899,1645.90475623
4100,0.00856146495498,0.0105239484791,0.00939439594385,0.980443513183,0.974860335196,0.977094972067,0.887887887888,0.856,0.866013071895,1649.72221706
4110,0.00843810875743,0.0103453233093,0.00946604814516,0.981229264886,0.977653631285,0.977653631285,0.891905480141,0.870967741935,0.867549668874,1653.53411974
4120,0.00879157338026,0.0108427448442,0.00934822155582,0.979919678715,0.975209497207,0.977094972067,0.886587771203,0.859960552268,0.866883116883,1657.42402355
4130,0.00848474625066,0.0103874524444,0.00926595786142,0.980530818928,0.976606145251,0.977094972067,0.88731682668,0.864646464646,0.864686468647,1661.31812091
4140,0.00860197286971,0.0102546180853,0.00924740207771,0.980268901694,0.977304469274,0.977374301676,0.887562189055,0.870775347913,0.867862969005,1665.18942982
4150,0.00848311842596,0.0101984073733,0.00953250589197,0.980880041907,0.977304469274,0.976815642458,0.889001520527,0.867075664622,0.861896838602,1668.96837466
4160,0.00880689485748,0.0108515019992,0.00984081222396,0.980618124673,0.975558659218,0.977374301676,0.886153846154,0.855967078189,0.86432160804,1672.8373831
4170,0.00850944184512,0.0104185297859,0.0093814880101,0.980618124673,0.975558659218,0.976815642458,0.889110889111,0.86,0.863711001642,1676.75951547
4180,0.0151235900434,0.0176724141686,0.0154833882623,0.957569408067,0.951815642458,0.958100558659,0.790877796902,0.768456375839,0.793388429752,1680.67854771
4190,0.00869257150207,0.0105027841134,0.00979069584294,0.980356207438,0.977653631285,0.976815642458,0.884556182658,0.868852459016,0.860033726813,1684.54403544
4200,0.00856755604208,0.0103196185684,0.00914769379088,0.979919678715,0.976955307263,0.977374301676,0.88453815261,0.865853658537,0.866115702479,1688.42582228
4210,0.00947962606019,0.011090926802,0.00977996466284,0.978697398289,0.975558659218,0.977374301676,0.878727634195,0.861111111111,0.868719611021,1692.19803716
4220,0.00892330253368,0.0112100083871,0.0101475491646,0.98000698446,0.974860335196,0.976815642458,0.882141019043,0.850622406639,0.860504201681,1696.16613391
4230,0.00936992399832,0.0118195726032,0.0100315156861,0.979308538502,0.97311452514,0.975977653631,0.877392653906,0.83857442348,0.853741496599,1700.09639883
4240,0.00911862379142,0.010529452993,0.00931591849777,0.978872009778,0.975209497207,0.976815642458,0.87972166998,0.858846918489,0.864600326264,1703.89026229
4250,0.00906357083299,0.0109152610655,0.00998129593386,0.98000698446,0.975907821229,0.975977653631,0.882984159428,0.858316221766,0.855704697987,1707.76420102
4260,0.0086585435259,0.0102327791577,0.00941351282866,0.980443513183,0.977653631285,0.977653631285,0.886639676113,0.869918699187,0.867109634551,1711.49218619
4270,0.00911387314665,0.0109591362838,0.0101645951911,0.979657761481,0.976606145251,0.976815642458,0.880574064582,0.861855670103,0.860504201681,1715.27588686
4280,0.00860566235214,0.0102323152384,0.00931701871708,0.980705430417,0.978002793296,0.977653631285,0.888552697932,0.872210953347,0.868421052632,1719.18123874
4290,0.0088198023908,0.0105299199285,0.00959099192623,0.979919678715,0.975907821229,0.97625698324,0.883485309017,0.861167002012,0.859967051071,1723.12183868
4300,0.00875896783812,0.0105991504146,0.00959669279383,0.980181595949,0.976606145251,0.97625698324,0.88529560384,0.864097363083,0.859967051071,1726.90758924
4310,0.00890080158799,0.0105740099294,0.00974279902575,0.979308538502,0.97625698324,0.976536312849,0.881321982974,0.862903225806,0.861386138614,1730.88622909
4320,0.00894882512095,0.0105047585686,0.00937957449141,0.979221232757,0.975558659218,0.978770949721,0.883333333333,0.862204724409,0.877813504823,1734.71917921
4330,0.00870291334548,0.010426555303,0.00920801464822,0.980268901694,0.976955307263,0.976815642458,0.886317907445,0.866396761134,0.862809917355,1738.55617508
4340,0.00869353376066,0.0105293764578,0.00934955614251,0.979745067225,0.97625698324,0.978212290503,0.883883883884,0.864,0.872131147541,1742.40004906
4350,0.00952388922176,0.0104418666598,0.00938515333003,0.977125894884,0.974511173184,0.977653631285,0.874521072797,0.857142857143,0.872204472843,1746.11699445
4360,0.00872773382723,0.0104063671706,0.00932751541657,0.979308538502,0.975907821229,0.977932960894,0.880121396055,0.861167002012,0.869421487603,1750.13679504
4370,0.00856072210996,0.0101372532138,0.0091994838261,0.980530818928,0.976955307263,0.977094972067,0.888332498748,0.866396761134,0.865131578947,1754.02237422
4380,0.00893048508389,0.0110446170354,0.00942519390717,0.979395844247,0.975209497207,0.976536312849,0.879714576962,0.854209445585,0.858585858586,1757.78348244
4390,0.00878540171058,0.0107241765561,0.00939741940969,0.980530818928,0.975558659218,0.976536312849,0.888220551378,0.860557768924,0.862295081967,1761.61164217
4400,0.00904737980559,0.0104608414532,0.00960133485531,0.978959315523,0.976955307263,0.978491620112,0.882496343247,0.870078740157,0.876006441224,1765.26208058
4410,0.00879593376693,0.0103711510012,0.00969269037443,0.979657761481,0.976955307263,0.976815642458,0.881905727319,0.865853658537,0.86143572621,1769.18928581
4420,0.00903899479775,0.0109510898571,0.00988086902902,0.978872009778,0.974511173184,0.97625698324,0.87875751503,0.85370741483,0.860883797054,1773.18069074
4430,0.00886340629918,0.0111580344898,0.0100101312707,0.980792736162,0.975558659218,0.977932960894,0.888663967611,0.857142857143,0.868552412646,1777.15396687
4440,0.0100736348823,0.011641046025,0.00999394328347,0.976514754671,0.972765363128,0.975698324022,0.871721506915,0.851145038168,0.862123613312,1781.15806032
4450,0.00855861452046,0.0101176930214,0.00914544289374,0.980705430417,0.977304469274,0.978491620112,0.889885401096,0.870259481038,0.874388254486,1784.81289924
4460,0.00867158656043,0.0107051289087,0.0101459740096,0.980268901694,0.975907821229,0.976536312849,0.885858585859,0.858895705521,0.860465116279,1788.65789743
4470,0.00868601072637,0.0102680863526,0.0095606562054,0.980443513183,0.976955307263,0.977374301676,0.887210473313,0.866935483871,0.866115702479,1792.41648805
4480,0.00875471730533,0.0106603278052,0.00948416068846,0.980181595949,0.97625698324,0.977932960894,0.887568103021,0.864541832669,0.871544715447,1796.21947624
4490,0.00891909986564,0.0113688197538,0.0102155868308,0.979919678715,0.97311452514,0.977374301676,0.885912698413,0.845691382766,0.867430441899,1800.1045315
4500,0.00866729188304,0.0110128455043,0.00961478130921,0.980530818928,0.975558659218,0.977374301676,0.887770508304,0.858299595142,0.865671641791,1803.88707431
4510,0.008937029677,0.0116599060413,0.00959435905695,0.980268901694,0.974860335196,0.978212290503,0.885627530364,0.852459016393,0.870431893688,1807.81865146
4520,0.0088953052929,0.0111760768817,0.00991980744619,0.979745067225,0.974860335196,0.976815642458,0.880535530381,0.85,0.859560067682,1811.61349414
4530,0.00918127726259,0.0111634624667,0.00922665477219,0.979308538502,0.974162011173,0.978770949721,0.884895580379,0.857692307692,0.879365079365,1815.54050087
4540,0.00907864862756,0.0109013480148,0.0101800367465,0.979745067225,0.975209497207,0.977094972067,0.881873727088,0.854209445585,0.862416107383,1819.40803573
4550,0.00881674804483,0.010839853429,0.00943839640186,0.980268901694,0.975209497207,0.977653631285,0.885973763875,0.857715430862,0.867109634551,1823.2808384
4560,0.00923487649699,0.0114152479731,0.0100270505762,0.979919678715,0.975209497207,0.978212290503,0.883367139959,0.854805725971,0.87,1827.16424407
4570,0.00902687296975,0.0110708814239,0.00962799982566,0.979395844247,0.975209497207,0.978770949721,0.882235528942,0.855983772819,0.875409836066,1830.96458194
4580,0.00912313741143,0.0113254275372,0.0100269194255,0.979657761481,0.975209497207,0.978212290503,0.881665820213,0.853608247423,0.87,1834.81571679
4590,0.00922145389803,0.0113531785856,0.0100883360539,0.98000698446,0.974860335196,0.977374301676,0.882744495648,0.851239669421,0.863865546218,1838.68045914
4600,0.00968523634611,0.0116006262805,0.0107295467722,0.977737035097,0.973812849162,0.975698324022,0.866701515944,0.842767295597,0.849740932642,1842.61721384
4610,0.00955471611364,0.0118241145904,0.0109134141207,0.97817356382,0.973463687151,0.97374301676,0.869655891554,0.841666666667,0.836805555556,1846.48063216
4620,0.00950940695226,0.0116818956305,0.0106576697153,0.97834817531,0.974511173184,0.974860335196,0.871101871102,0.846960167715,0.845360824742,1850.32333001
4630,0.00975734554938,0.0118542525116,0.0109852417136,0.978435481055,0.974162011173,0.974581005587,0.871954380508,0.845833333333,0.842832469775,1854.21855921
4640,0.0110750880665,0.012875742046,0.0124986261241,0.974943251266,0.971717877095,0.971229050279,0.848548812665,0.828752642706,0.819614711033,1858.21236027
4650,0.00923079296065,0.0111774469688,0.0103864185852,0.978784704034,0.974511173184,0.975418994413,0.874027993779,0.848861283644,0.849315068493,1862.1009234
4660,0.00903231498281,0.0102295669866,0.00956685511005,0.979395844247,0.977304469274,0.978491620112,0.881881881882,0.869739478958,0.873563218391,1865.92790462
4670,0.00992992062934,0.011299345241,0.0100395901874,0.976951283394,0.974162011173,0.977094972067,0.872340425532,0.857142857143,0.869426751592,1869.84237072
4680,0.00934245460035,0.0118053403223,0.0105548820844,0.979308538502,0.973812849162,0.977653631285,0.880363452802,0.847250509165,0.866220735786,1873.83865202
4690,0.0092949926566,0.0116841512478,0.0105241036943,0.979395844247,0.974860335196,0.976536312849,0.878099173554,0.850622406639,0.856655290102,1877.7261083
4700,0.0113100868659,0.0130560080057,0.0125470085412,0.973197136372,0.971019553073,0.969553072626,0.836091831287,0.823779193206,0.807760141093,1881.63643377
4710,0.00891095903681,0.0109880822325,0.0100194253621,0.979919678715,0.97625698324,0.977374301676,0.88253319714,0.860655737705,0.863406408094,1885.54579726
4720,0.00897937856693,0.0111262288069,0.00999471443077,0.979745067225,0.974860335196,0.977374301676,0.882709807887,0.852459016393,0.864774624374,1889.27361436
4730,0.00891967094732,0.0107081479436,0.00993055987862,0.97983237297,0.97625698324,0.977094972067,0.882681564246,0.861224489796,0.863333333333,1893.05699806
4740,0.00926766509713,0.0116613513973,0.010244667145,0.978872009778,0.973812849162,0.977094972067,0.878147029204,0.845995893224,0.863333333333,1896.90654423
4750,0.0100132075181,0.0124527150444,0.0111596807767,0.977213200629,0.971717877095,0.974860335196,0.864556305138,0.830188679245,0.846416382253,1900.7822437
4760,0.00984942138139,0.0115598289159,0.0099237661118,0.977562423607,0.971368715084,0.976536312849,0.874572962421,0.842911877395,0.867088607595,1904.70604548
4770,0.00916595671574,0.0118579685135,0.0104870365984,0.979657761481,0.973463687151,0.977374301676,0.881785895485,0.842975206612,0.86432160804,1908.619767
4780,0.00916001780131,0.0107505575335,0.0101741291715,0.978697398289,0.974860335196,0.977374301676,0.877877877878,0.856573705179,0.866115702479,1912.35948305
4790,0.0091206197858,0.0108487934859,0.0101732873268,0.979221232757,0.974860335196,0.975977653631,0.880040322581,0.854251012146,0.857142857143,1916.04847969
4800,0.00953523469748,0.0109171830479,0.0103050083428,0.977737035097,0.974511173184,0.976815642458,0.870492635856,0.850715746421,0.86143572621,1919.89153225
4810,0.00923704977209,0.0108149172551,0.0099503425046,0.979308538502,0.974860335196,0.977374301676,0.882148184983,0.855421686747,0.866556836903,1923.82611156
4820,0.00936114306102,0.0116270130776,0.0106194973549,0.979570455736,0.974162011173,0.97625698324,0.881097560976,0.847736625514,0.856175972927,1927.76932414
4830,0.00949710950405,0.0116071541744,0.0106724103095,0.97834817531,0.973463687151,0.975977653631,0.874111675127,0.844897959184,0.855218855219,1931.69163127
4840,0.00939897656809,0.0113506388469,0.0105272229044,0.978784704034,0.972765363128,0.975418994413,0.87758186398,0.841463414634,0.853333333333,1935.56841277
4850,0.00925726258727,0.0109458675556,0.0102482054526,0.978697398289,0.974511173184,0.975418994413,0.876267748479,0.851926977688,0.852842809365,1939.43094045
4860,0.00879714240437,0.0102085800606,0.00944037019309,0.979919678715,0.97625698324,0.978212290503,0.886475814413,0.866141732283,0.873786407767,1943.25972164
4870,0.0090400296794,0.0103011496142,0.0097445077479,0.979308538502,0.974860335196,0.977094972067,0.881203007519,0.854838709677,0.864686468647,1946.91052764
4880,0.00879497524559,0.0104182141561,0.00953038727314,0.979570455736,0.976606145251,0.977932960894,0.883,0.865731462926,0.870279146141,1950.91309881
4890,0.00891059382101,0.0103470399112,0.00975379974437,0.978872009778,0.974511173184,0.977094972067,0.877530364372,0.850102669405,0.863787375415,1954.77769844
4900,0.0089179804688,0.0104514353832,0.00962873925722,0.979570455736,0.976606145251,0.978491620112,0.884387351779,0.869395711501,0.875202593193,1958.68880489
4910,0.00901447701476,0.010575161362,0.00988298097903,0.979133927012,0.974860335196,0.977653631285,0.880916791231,0.856573705179,0.868852459016,1962.4314298
4920,0.00884976002215,0.0105529274259,0.00960272538772,0.979046621268,0.974860335196,0.978770949721,0.87987987988,0.856573705179,0.875409836066,1966.29443484
4930,0.0106447093701,0.0124505013084,0.0110033381119,0.974244805308,0.970670391061,0.971787709497,0.859590671109,0.842105263158,0.842923794712,1970.07685631
4940,0.009303934029,0.0110525334249,0.00985339325344,0.978610092544,0.973463687151,0.977932960894,0.879488440728,0.852140077821,0.871544715447,1974.04210266
4950,0.00903562179485,0.0106820488452,0.009604888936,0.978784704034,0.974860335196,0.978212290503,0.879762493815,0.858267716535,0.872131147541,1977.94584948
4960,0.00946463240281,0.0116874337048,0.0105971435278,0.978522786799,0.972416201117,0.975418994413,0.877122877123,0.842315369261,0.855263157895,1981.85990481
4970,0.00900235444942,0.0107650626731,0.0101172687173,0.979657761481,0.975209497207,0.975977653631,0.88344172086,0.858283433134,0.858552631579,1985.66799842
4980,0.0089091810892,0.0106091237799,0.0099175741414,0.979308538502,0.974511173184,0.976815642458,0.880844645551,0.854291417166,0.862354892206,1989.47816342
4990,0.00895126967459,0.0104371040298,0.00977947512878,0.978872009778,0.975209497207,0.977932960894,0.87960199005,0.859405940594,0.870703764321,1993.41051522
5000,0.00941537913996,0.0107971918707,0.0104295018589,0.978435481055,0.975209497207,0.974301675978,0.875691997987,0.857142857143,0.848184818482,1997.25891617
